"PointID","x","y","Pressure","Velocity_x","Velocity_y"
0, 9.963045143276076e-01, 8.590053742806258e-02, 1.772095371019869e-01, 3.354554431500844e-01, 2.619150038562669e-01
1, 9.960848818558835e-01, 8.841094806725375e-02, 1.818319795473191e-01, 5.123608763221200e-01, -2.722184392791548e-01
2, -1.000000000000000e+01, -6.000000000000000e+00, -2.489845691037999e-01, 9.836111226123080e-01, 0.000000000000000e+00
3, 1.000000000000000e+01, -6.000000000000000e+00, -7.336299634356652e-03, 9.888854942187458e-01, 0.000000000000000e+00
4, 1.000000000000000e+01, 6.000000000000000e+00, 7.250062730939840e-03, 1.008566596396712e+00, 0.000000000000000e+00
5, -1.000000000000000e+01, 6.000000000000000e+00, 2.771982997894574e-01, 1.006561650797819e+00, 0.000000000000000e+00
6, 9.914344088059461e-01, 8.477997801794350e-02, 2.216637359220703e-01, 6.944845763366304e-01, 1.595564188172544e-01
7, 9.865635777410513e-01, 8.366257706056771e-02, 1.392271644090116e-01, 7.405991610988674e-01, 1.695394123884231e-01
8, 9.816917197563905e-01, 8.254966253378580e-02, 1.150497616660804e-01, 7.542841699924290e-01, 1.719825478987266e-01
9, 9.768189541533630e-01, 8.144072850587143e-02, 1.063848995731424e-01, 7.684791729411671e-01, 1.745614639943334e-01
10, 9.719452914175346e-01, 8.033574332887093e-02, 9.684847235287440e-02, 7.774762008226013e-01, 1.759453311755873e-01
11, 9.670707419220245e-01, 7.923467714686656e-02, 9.088092094541415e-02, 7.847107492755551e-01, 1.769238405163424e-01
12, 9.621953205953102e-01, 7.813747819182568e-02, 8.450308471492970e-02, 7.914636843313809e-01, 1.777887423100465e-01
13, 9.573190355100100e-01, 7.704412355268020e-02, 8.021762961550578e-02, 7.974847702205224e-01, 1.784841508752025e-01
14, 9.524418984234071e-01, 7.595457597288212e-02, 7.504834942999437e-02, 8.021991392407196e-01, 1.788853814701670e-01
15, 9.475639216604588e-01, 7.486879428976785e-02, 6.989591643025651e-02, 8.056055910626398e-01, 1.789939605395145e-01
16, 9.426851125385044e-01, 7.378675865996979e-02, 6.540831352514290e-02, 8.086392039188346e-01, 1.790203333322233e-01
17, 9.378054836059004e-01, 7.270842558037093e-02, 6.332318717415775e-02, 8.115707186370115e-01, 1.790258741873532e-01
18, 9.329250441609703e-01, 7.163376726525629e-02, 5.974373394919447e-02, 8.170091825872270e-01, 1.795825263786189e-01
19, 9.280438020164677e-01, 7.056276127339978e-02, 5.797034960985347e-02, 8.238270410761396e-01, 1.804387432004805e-01
20, 9.231617688837747e-01, 6.949536559510734e-02, 5.476621893502339e-02, 8.285547250472080e-01, 1.808339130867461e-01
21, 9.182789520767833e-01, 6.843156103769484e-02, 5.037780275659459e-02, 8.322389315524344e-01, 1.809992811390732e-01
22, 9.133953597534656e-01, 6.737132048631737e-02, 4.790409928426489e-02, 8.340666220225004e-01, 1.807624396380863e-01
23, 9.085110032781221e-01, 6.631460993510277e-02, 4.402351834354320e-02, 8.348591816756815e-01, 1.803039809966979e-01
24, 9.036258872438009e-01, 6.526141402016020e-02, 4.367834523327487e-02, 8.370675069393729e-01, 1.801535115855634e-01
25, 8.987400216980819e-01, 6.421170111507089e-02, 4.062947242986940e-02, 8.394345018171505e-01, 1.800389832792504e-01
26, 8.938534139472624e-01, 6.316544804229356e-02, 4.030947569254222e-02, 8.431864022867495e-01, 1.802207156465665e-01
27, 8.889660701295606e-01, 6.212263926395367e-02, 3.686774285514399e-02, 8.470504920708102e-01, 1.804253117527235e-01
28, 8.840779993058664e-01, 6.108324367464389e-02, 3.515475759837483e-02, 8.495933405560696e-01, 1.803482485075563e-01
29, 8.791892039130382e-01, 6.004724552686324e-02, 3.272058259330296e-02, 8.510667076244944e-01, 1.800444976426871e-01
30, 8.742996993980350e-01, 5.901462898326203e-02, 3.176503170144770e-02, 8.525545282569813e-01, 1.797458752113192e-01
31, 8.694094849601312e-01, 5.798536668594909e-02, 2.999969739653324e-02, 8.550271342490047e-01, 1.796555899550344e-01
32, 8.645185677919339e-01, 5.695944862843275e-02, 2.829654586014067e-02, 8.574676688574944e-01, 1.795581284764830e-01
33, 8.596269541693111e-01, 5.593685455612085e-02, 2.672620745700637e-02, 8.594344873279822e-01, 1.793620085603904e-01
34, 8.547346504735057e-01, 5.491756749877378e-02, 2.410030596285701e-02, 8.610134025205858e-01, 1.790851110017068e-01
35, 8.498416610129931e-01, 5.390157809471163e-02, 2.316848897586163e-02, 8.616335491661249e-01, 1.786101576103411e-01
36, 8.449479921234180e-01, 5.288886679170793e-02, 2.116686684977887e-02, 8.626788244084694e-01, 1.782251212999496e-01
37, 8.400536481359695e-01, 5.187942369267316e-02, 1.996601681182114e-02, 8.644452688783993e-01, 1.779891666703000e-01
38, 8.351586332485688e-01, 5.087323909249930e-02, 1.864865629085292e-02, 8.657080845396783e-01, 1.776499466149689e-01
39, 8.302629523768122e-01, 4.987029774129261e-02, 1.764115965386336e-02, 8.667810992157670e-01, 1.772723309854783e-01
40, 8.253666097716664e-01, 4.887059410124786e-02, 1.591855971040793e-02, 8.680133749851742e-01, 1.769273581269166e-01
41, 8.204696086768242e-01, 4.787411832973929e-02, 1.523514092325916e-02, 8.690931576702181e-01, 1.765516735606672e-01
42, 8.155719540687241e-01, 4.688086165303484e-02, 1.402451501949804e-02, 8.700712336044059e-01, 1.761553246016761e-01
43, 8.106736485819259e-01, 4.589082033796661e-02, 1.027488019524424e-02, 8.723570963733479e-01, 1.760228276217781e-01
44, 8.057746958721249e-01, 4.490398647439803e-02, 1.286749627991921e-02, 8.736976245882763e-01, 1.756983811786448e-01
45, 8.008750984441411e-01, 4.392035670309716e-02, 9.431027150493841e-03, 8.766842029470147e-01, 1.757027906701051e-01
46, 7.959748588335550e-01, 4.293992836771984e-02, 8.661781563008831e-03, 8.800298901175848e-01, 1.757756789716884e-01
47, 7.910739818709198e-01, 4.196269828748547e-02, 8.183950274936687e-03, 8.799604819812986e-01, 1.751647774835492e-01
48, 7.861724677444751e-01, 4.098866613593314e-02, 8.330788033090701e-03, 8.806536768810385e-01, 1.747055496165691e-01
49, 7.812703179321164e-01, 4.001783103527004e-02, 4.987561409342455e-03, 8.835881832556793e-01, 1.746886554305824e-01
50, 7.763675385508281e-01, 3.905019533029095e-02, 6.424525492933776e-03, 8.848567721567727e-01, 1.743394643273393e-01
51, 7.714641268076334e-01, 3.808576003627880e-02, 5.819864457360774e-04, 8.880272478640348e-01, 1.743617443571723e-01
52, 7.665600860991761e-01, 3.712452861085384e-02, 3.655888702334012e-03, 8.900152274626206e-01, 1.741477778306806e-01
53, 7.616554175471418e-01, 3.616650644551776e-02, 9.204751734006120e-04, 8.898741581063053e-01, 1.735153500311480e-01
54, 7.567501222771029e-01, 3.521169712689388e-02, -2.084377153344728e-04, 8.914540295511183e-01, 1.732165880351419e-01
55, 7.518442016937413e-01, 3.426010939274771e-02, -2.131308050418161e-03, 8.925262653890571e-01, 1.728161124806737e-01
56, 7.469376552925283e-01, 3.331175035347181e-02, -2.425978143462231e-03, 8.940925323605509e-01, 1.725083893026883e-01
57, 7.420304849075479e-01, 3.236662699065680e-02, -4.048561287150892e-03, 8.952869955723969e-01, 1.721253254065260e-01
58, 7.371226888450688e-01, 3.142475288564820e-02, -6.186849839995723e-03, 8.968815754716490e-01, 1.718154151167752e-01
59, 7.322142704518519e-01, 3.048613684825283e-02, -5.910157298515715e-03, 8.975079503379916e-01, 1.713167731838967e-01
60, 7.273052271396744e-01, 2.955079081145225e-02, -7.995995322002378e-03, 8.989193778922010e-01, 1.709640355638376e-01
61, 7.223955585967546e-01, 2.861873177938363e-02, -9.919775259556250e-03, 9.003137264247482e-01, 1.706038335103503e-01
62, 7.174852650758484e-01, 2.768996927354045e-02, -1.116678723039457e-02, 9.002206823098947e-01, 1.699582775848888e-01
63, 7.125743454418584e-01, 2.676452368975349e-02, -1.481552199881897e-02, 9.009345908843520e-01, 1.694613409423012e-01
64, 7.076627988508531e-01, 2.584241195397888e-02, -1.322800960496512e-02, 9.011288837731044e-01, 1.688634084612072e-01
65, 7.027506251513803e-01, 2.492364729362270e-02, -1.702058640420924e-02, 9.030161440268110e-01, 1.685776541802411e-01
66, 6.978378216519295e-01, 2.400825691754427e-02, -2.029530561691262e-02, 9.063045107586459e-01, 1.685458936169350e-01
67, 6.929243871932695e-01, 2.309625700939298e-02, -1.907089642444628e-02, 9.059010406643169e-01, 1.678223019191102e-01
68, 6.880103209768662e-01, 2.218766756908982e-02, -2.353397339188688e-02, 9.060736539600003e-01, 1.672009964752098e-01
69, 6.830956198146336e-01, 2.128251958018544e-02, -2.074374471860419e-02, 9.069280740868707e-01, 1.667005299885851e-01
70, 6.781802834575009e-01, 2.038082917574195e-02, -2.546145212194691e-02, 9.089708370845250e-01, 1.664121954346953e-01
71, 6.732643082227000e-01, 1.948262669117017e-02, -2.650715558148704e-02, 9.108624975894951e-01, 1.660878187430233e-01
72, 6.683476915302146e-01, 1.858794193964502e-02, -2.874941294650188e-02, 9.124274568992387e-01, 1.656969057994101e-01
73, 6.634304324188530e-01, 1.769679398702741e-02, -3.086393477030095e-02, 9.140152873530829e-01, 1.653023473024224e-01
74, 6.585125264442647e-01, 1.680922346821095e-02, -3.298058557009288e-02, 9.146394671446035e-01, 1.647256537141640e-01
75, 6.535939714657870e-01, 1.592525720241660e-02, -3.297007311767523e-02, 9.142951620645396e-01, 1.639695232031118e-01
76, 6.486747655458138e-01, 1.504492127040166e-02, -3.507029515581295e-02, 9.149042845384494e-01, 1.633774657801203e-01
77, 6.437549028767887e-01, 1.416826237919896e-02, -3.836686666196214e-02, 9.158308941802907e-01, 1.628343479650673e-01
78, 6.388343818113119e-01, 1.329530517939658e-02, -3.876641052132679e-02, 9.161122811977851e-01, 1.621698711564523e-01
79, 6.339131988872871e-01, 1.242608742896146e-02, -4.378000285214144e-02, 9.186872345408748e-01, 1.619013275486477e-01
80, 6.289913488549781e-01, 1.156065595080789e-02, -4.791221204469852e-02, 9.234943900257951e-01, 1.620136785150635e-01
81, 6.240688302795402e-01, 1.069903592979669e-02, -4.632433135081265e-02, 9.251469639817784e-01, 1.615602363583681e-01
82, 6.191456369196691e-01, 9.841279884862686e-03, -5.115323097202535e-02, 9.254896880932969e-01, 1.608676810371978e-01
83, 6.142217643710660e-01, 8.987428898336097e-03, -4.858313133281242e-02, 9.234121431512234e-01, 1.597491369927679e-01
84, 6.092972113010493e-01, 8.137514664793470e-03, -5.450101826287942e-02, 9.233022697503805e-01, 1.589639794718739e-01
85, 6.043719690244636e-01, 7.291600006158815e-03, -5.237244495363882e-02, 9.253446618146239e-01, 1.585384916419416e-01
86, 5.994460358899902e-01, 6.449721397064278e-03, -5.856384802861792e-02, 9.291317490098817e-01, 1.583996426322372e-01
87, 5.945194070937017e-01, 5.611921865271509e-03, -6.324628449810030e-02, 9.325982459717419e-01, 1.581896391195585e-01
88, 5.895920748018760e-01, 4.778267954886747e-03, -6.373492806361356e-02, 9.330403616938590e-01, 1.574538622149270e-01
89, 5.846640378061790e-01, 3.948793428854354e-03, -6.729293088538413e-02, 9.335882462693420e-01, 1.567261924098039e-01
90, 5.797352883000481e-01, 3.123559228661482e-03, -6.956723110408702e-02, 9.350029358604827e-01, 1.561307638769140e-01
91, 5.748058211747690e-01, 2.302626519562012e-03, -7.252843561118572e-02, 9.355433147069082e-01, 1.553783934483007e-01
92, 5.698756331785350e-01, 1.486032297907610e-03, -7.576864507853406e-02, 9.368702498212536e-01, 1.547440931461264e-01
93, 5.649447154919103e-01, 6.738547055538671e-04, -7.778861287353958e-02, 9.386224685861124e-01, 1.541648471881585e-01
94, 5.600130640424492e-01, -1.338537740899335e-04, -8.263812725502687e-02, 9.406298471503228e-01, 1.536145991060554e-01
95, 5.550806751968553e-01, -9.370452675505337e-04, -8.126966821223627e-02, 9.414705475909807e-01, 1.528582966136262e-01
96, 5.501475384296629e-01, -1.735632442802002e-03, -8.887997251204890e-02, 9.445724033731790e-01, 1.524526336567266e-01
97, 5.452136510962267e-01, -2.529568831770306e-03, -9.300651686244954e-02, 9.472923558486368e-01, 1.519691072570067e-01
98, 5.402790069116559e-01, -3.318788809942939e-03, -8.996856243765028e-02, 9.467095696979327e-01, 1.509390993631267e-01
99, 5.353435971176442e-01, -4.103205674433973e-03, -9.686757619316066e-02, 9.471351244475399e-01, 1.500575164144432e-01
100, 5.304074196159324e-01, -4.882774596580776e-03, -1.034703110898455e-01, 9.521301893880024e-01, 1.498816003347426e-01
101, 5.254704645984573e-01, -5.657405844502727e-03, -1.003860863690436e-01, 9.542362136783477e-01, 1.492277915467040e-01
102, 5.205327255303075e-01, -6.427024091051564e-03, -1.040950612978893e-01, 9.538711049455276e-01, 1.481735229195568e-01
103, 5.155941982138712e-01, -7.191576631203158e-03, -1.119599444423683e-01, 9.580940436446490e-01, 1.478124619111569e-01
104, 5.106548751609250e-01, -7.950955265842923e-03, -1.181018878585614e-01, 9.601241958030032e-01, 1.470897952773516e-01
105, 5.057147486748090e-01, -8.705095628528956e-03, -1.170564332856340e-01, 9.622880574044126e-01, 1.463702166378163e-01
106, 5.007738149761004e-01, -9.453928215283871e-03, -1.181362644610150e-01, 9.628317685693337e-01, 1.453834287677599e-01
107, 4.958320621773999e-01, -1.019733850555801e-02, -1.239226684898266e-01, 9.638196481938558e-01, 1.444452815037215e-01
108, 4.908894881773335e-01, -1.093526797588217e-02, -1.275964165004718e-01, 9.658297200165820e-01, 1.436421438641109e-01
109, 4.859460847413370e-01, -1.166762147953492e-02, -1.330401751565909e-01, 9.672518166402827e-01, 1.427278903823224e-01
110, 4.810018425800036e-01, -1.239429113063025e-02, -1.318955266588953e-01, 9.656493403745738e-01, 1.413513732918685e-01
111, 4.760567598078364e-01, -1.311521700083574e-02, -1.390487136530060e-01, 9.664960782937589e-01, 1.403164423725381e-01
112, 4.711108248156736e-01, -1.383027463361986e-02, -1.500852486382121e-01, 9.705498953681239e-01, 1.397201484397951e-01
113, 4.661640319490664e-01, -1.453937191702769e-02, -1.480632285964670e-01, 9.748678865539981e-01, 1.391356165539805e-01
114, 4.612163780368375e-01, -1.524243516533624e-02, -1.533244771768268e-01, 9.772524164885072e-01, 1.382456708350953e-01
115, 4.562678505141851e-01, -1.593932163123138e-02, -1.532084510271716e-01, 9.787142528519690e-01, 1.371985220885610e-01
116, 4.513184454746923e-01, -1.662995120007132e-02, -1.590976891270327e-01, 9.801805424618684e-01, 1.361309409795645e-01
117, 4.463681578894934e-01, -1.731422596163231e-02, -1.627493880206224e-01, 9.821625947445425e-01, 1.351064918043303e-01
118, 4.414169761629292e-01, -1.799199938799481e-02, -1.658212901672167e-01, 9.832761225810897e-01, 1.339368663324648e-01
119, 4.364648990508546e-01, -1.866319745078295e-02, -1.742810296522043e-01, 9.864233792115786e-01, 1.330181278456541e-01
120, 4.315119168576348e-01, -1.932768594283314e-02, -1.782461237707164e-01, 9.899587828946617e-01, 1.321162091359497e-01
121, 4.265580214038669e-01, -1.998533241408363e-02, -1.792199869515816e-01, 9.920126711858052e-01, 1.309878216089354e-01
122, 4.216032119829778e-01, -2.063605599111576e-02, -1.825702429255485e-01, 9.931143123828401e-01, 1.297046273613847e-01
123, 4.166474766072175e-01, -2.127968846531481e-02, -1.915900001490448e-01, 9.969876585065293e-01, 1.287482415385409e-01
124, 4.116908109985211e-01, -2.191611616566744e-02, -1.933867524854280e-01, 1.002069354265533e+00, 1.279134433343987e-01
125, 4.067332122771087e-01, -2.254523728505636e-02, -1.914897743373423e-01, 1.003667215156074e+00, 1.265951063757108e-01
126, 4.017746684418594e-01, -2.316686452412642e-02, -1.931785962253550e-01, 1.003102845201250e+00, 1.249737605733928e-01
127, 3.968151786060032e-01, -2.378089718902351e-02, -2.002692174149984e-01, 1.004635234142039e+00, 1.235886110313587e-01
128, 3.918547377781445e-01, -2.438719844293679e-02, -2.073255665184278e-01, 1.007955811280320e+00, 1.223833190832353e-01
129, 3.868933342805451e-01, -2.498558119043211e-02, -2.111424134089413e-01, 1.011120710325276e+00, 1.211203898088548e-01
130, 3.819309727432187e-01, -2.557594898194502e-02, -2.156376991268691e-01, 1.013830582367565e+00, 1.197650726170838e-01
131, 3.769676409691238e-01, -2.615811573505104e-02, -2.202058922050103e-01, 1.016308145372375e+00, 1.183381402358798e-01
132, 3.720033358850328e-01, -2.673191539634802e-02, -2.259122051265636e-01, 1.018562707375683e+00, 1.168495467618842e-01
133, 3.670380582462991e-01, -2.729723778644253e-02, -2.281629037086699e-01, 1.020041973901345e+00, 1.152315036189514e-01
134, 3.620717967948527e-01, -2.785385568105480e-02, -2.408964204598051e-01, 1.024226531647029e+00, 1.138714187511231e-01
135, 3.571045517355779e-01, -2.840162479907967e-02, -2.384374454938726e-01, 1.025926009533942e+00, 1.121956927804899e-01
136, 3.521363235343005e-01, -2.894040314667172e-02, -2.449843751396308e-01, 1.028712788416607e+00, 1.105909104649060e-01
137, 3.471671021712422e-01, -2.946994202755562e-02, -2.507079475388099e-01, 1.032407686786748e+00, 1.090330493750713e-01
138, 3.421968911615973e-01, -2.999011115884866e-02, -2.517218362052522e-01, 1.035433258116368e+00, 1.073588519110766e-01
139, 3.372256886265841e-01, -3.050071705449390e-02, -2.556247944487039e-01, 1.038159829107438e+00, 1.055975309116410e-01
140, 3.322534884610424e-01, -3.100151493753416e-02, -2.598384517296377e-01, 1.041007693777359e+00, 1.037992500835454e-01
141, 3.272802975239565e-01, -3.149237556423505e-02, -2.645911468830489e-01, 1.044258842625811e+00, 1.019887269622663e-01
142, 3.223061104501589e-01, -3.197303691899176e-02, -2.694294352266567e-01, 1.047599369011232e+00, 1.001239448923454e-01
143, 3.173309280310577e-01, -3.244328308889384e-02, -2.739211753362295e-01, 1.050989184048079e+00, 9.821163026534548e-02
144, 3.123547579266112e-01, -3.290295948100936e-02, -2.785288191024475e-01, 1.054330141162138e+00, 9.623155656043669e-02
145, 3.073775943170568e-01, -3.335175071100702e-02, -2.831754316058919e-01, 1.057531686792301e+00, 9.417164530095715e-02
146, 3.023994444717057e-01, -3.378946553963993e-02, -2.875970969610578e-01, 1.060564260396013e+00, 9.204178867553588e-02
147, 2.974203156543058e-01, -3.421589989336598e-02, -2.966886414921999e-01, 1.065472385395193e+00, 8.999918092606105e-02
148, 2.924402050337345e-01, -3.463071061023038e-02, -3.001719321064763e-01, 1.070901090873039e+00, 8.792176000222440e-02
149, 2.874591257579028e-01, -3.503372084328596e-02, -3.021037847296711e-01, 1.075582741284947e+00, 8.571043503504119e-02
150, 2.824770833245278e-01, -3.542464627247707e-02, -3.059513565604797e-01, 1.079347754126247e+00, 8.333964636652066e-02
151, 2.774940820922079e-01, -3.580315146650364e-02, -3.119382769206207e-01, 1.084777937190089e+00, 8.101941122469941e-02
152, 2.725101397584705e-01, -3.616905291253421e-02, -3.143082889920116e-01, 1.090521687151192e+00, 7.863337754353827e-02
153, 2.675252604497027e-01, -3.652196533798847e-02, -3.208931963971150e-01, 1.097761043412520e+00, 7.624754967528236e-02
154, 2.625394584880045e-01, -3.686158979934428e-02, -3.234675487107631e-01, 1.103311438045298e+00, 7.365347623578195e-02
155, 2.575527543273114e-01, -3.718769734924910e-02, -3.297544950975158e-01, 1.109478277786853e+00, 7.099307649111922e-02
156, 2.525651554733774e-01, -3.749982352689012e-02, -3.331376179326087e-01, 1.116706518632617e+00, 6.828249195883070e-02
157, 2.475766853756999e-01, -3.779769723427109e-02, -3.402854873765488e-01, 1.122060078998279e+00, 6.535720423477534e-02
158, 2.425873668339592e-01, -3.808100485766173e-02, -3.441750729933815e-01, 1.128728232102716e+00, 6.238207963293636e-02
159, 2.375972151657490e-01, -3.834923841807932e-02, -3.466179260176984e-01, 1.133781392443412e+00, 5.919720711738984e-02
160, 2.326062632390516e-01, -3.860214011416347e-02, -3.554660028795026e-01, 1.140453680309061e+00, 5.598114558260579e-02
161, 2.276145364459104e-01, -3.883925550546179e-02, -3.607254493069729e-01, 1.148461928775633e+00, 5.267686605129114e-02
162, 2.226220629956081e-01, -3.906008858043421e-02, -3.632968463509916e-01, 1.154942056152626e+00, 4.916702051256804e-02
163, 2.176288844021035e-01, -3.926435454506620e-02, -3.656689549198988e-01, 1.159621965478465e+00, 4.543993319275337e-02
164, 2.126350323069539e-01, -3.945143163946223e-02, -3.716932957007054e-01, 1.166674529054070e+00, 4.164194109878711e-02
165, 2.076405508427818e-01, -3.962086665482276e-02, -3.770124180429230e-01, 1.173410471748753e+00, 3.768847386001441e-02
166, 2.026454907244601e-01, -3.977228319641506e-02, -3.841899983960009e-01, 1.179302943515695e+00, 3.352986824962775e-02
167, 1.976498967393974e-01, -3.990492031351662e-02, -3.880722451610274e-01, 1.185632815057268e+00, 2.919926797675620e-02
168, 1.926538302119516e-01, -4.001835362322205e-02, -3.966823336194313e-01, 1.192902862116725e+00, 2.472501142505921e-02
169, 1.876573542377022e-01, -4.011203334456540e-02, -3.983677747927487e-01, 1.201343379804058e+00, 2.004726981954140e-02
170, 1.826605347688159e-01, -4.018511551120747e-02, -4.027394265329621e-01, 1.209641790588813e+00, 1.514731460974585e-02
171, 1.776634526127365e-01, -4.023717846874179e-02, -4.093019897107660e-01, 1.218922537752304e+00, 1.003240868259684e-02
172, 1.726661904324139e-01, -4.026737450945545e-02, -4.140662848801875e-01, 1.226288162328767e+00, 4.625302059065136e-03
173, 1.676688431888440e-01, -4.027487604176583e-02, -4.209825551685715e-01, 1.234027796511969e+00, -1.013364524325120e-03
174, 1.626715152513352e-01, -4.025916703690961e-02, -4.217451470054514e-01, 1.242522600623231e+00, -6.938944605468059e-03
175, 1.576743235325213e-01, -4.021906102623315e-02, -4.297423080694678e-01, 1.254245768183326e+00, -1.322711753829981e-02
176, 1.526773985734745e-01, -4.015377034405810e-02, -4.329180753093135e-01, 1.267547559142993e+00, -1.985305195255733e-02
177, 1.476808799482726e-01, -4.006253801987179e-02, -4.437185403613795e-01, 1.276803570058633e+00, -2.682031080914061e-02
178, 1.426849377868409e-01, -3.994387047352954e-02, -4.444247439324341e-01, 1.282856213188750e+00, -3.409520204536381e-02
179, 1.376897465454177e-01, -3.979699796282529e-02, -4.537105790128203e-01, 1.291698610073472e+00, -4.179247855018321e-02
180, 1.326955083259770e-01, -3.962066580858983e-02, -4.578643885122363e-01, 1.302710362819238e+00, -5.006152644948531e-02
181, 1.277024676563070e-01, -3.941319935299160e-02, -4.661693303667407e-01, 1.310025690850359e+00, -5.863770493363473e-02
182, 1.227108598884185e-01, -3.917374566569697e-02, -4.704049323415327e-01, 1.317728958397388e+00, -6.772249807344380e-02
183, 1.177210031421037e-01, -3.890021851043932e-02, -4.756112447495298e-01, 1.326026922292824e+00, -7.745442743620791e-02
184, 1.127332369268051e-01, -3.859094371750511e-02, -4.837638778658722e-01, 1.336954419443681e+00, -8.788333872241652e-02
185, 1.077479048474805e-01, -3.824464703934565e-02, -4.849010585472501e-01, 1.348328618510074e+00, -9.910671297709589e-02
186, 1.027655186637810e-01, -3.785828271827212e-02, -4.973510233167015e-01, 1.355881312696647e+00, -1.108607002167461e-01
187, 9.778654927605279e-02, -3.743017836615258e-02, -4.999614538171336e-01, 1.364885313883726e+00, -1.234527134009542e-01
188, 9.281156973891373e-02, -3.695795652138775e-02, -5.103473008856251e-01, 1.371439241064151e+00, -1.368646324219468e-01
189, 8.784138885941449e-02, -3.643768764250370e-02, -5.111658423440750e-01, 1.379095240944167e+00, -1.513577278588032e-01
190, 8.287668140973399e-02, -3.586758793813516e-02, -5.280727138039116e-01, 1.390286789051629e+00, -1.674179878114872e-01
191, 7.791856051788802e-02, -3.524278313257050e-02, -5.260984910636111e-01, 1.395947656240635e+00, -1.843625414599898e-01
192, 7.296824216522846e-02, -3.455898225163032e-02, -5.418604252646062e-01, 1.402507745262951e+00, -2.026902322178982e-01
193, 6.802687815276924e-02, -3.381323851694707e-02, -5.473196786201878e-01, 1.406263198598494e+00, -2.225208741518332e-01
194, 6.309668044851648e-02, -3.299694994883721e-02, -5.543770482123412e-01, 1.403937863380394e+00, -2.434205004619610e-01
195, 5.817947564888937e-02, -3.210585551357177e-02, -5.695060262620982e-01, 1.403635167069839e+00, -2.665849403700756e-01
196, 5.327795830978607e-02, -3.113213242556025e-02, -5.690882627191857e-01, 1.397089380608960e+00, -2.917099714787316e-01
197, 4.839636368489417e-02, -3.006315777959010e-02, -5.770859825946695e-01, 1.393648534055318e+00, -3.201830145836171e-01
198, 4.353772565203441e-02, -2.889436804033911e-02, -5.960150637904205e-01, 1.400463044383886e+00, -3.555568204447751e-01
199, 3.870996777003566e-02, -2.760392535159634e-02, -5.947073840181284e-01, 1.380372394469344e+00, -3.897948947530696e-01
200, 3.392045346224354e-02, -2.617860552863670e-02, -6.199051894139416e-01, 1.354599875625352e+00, -4.266361289462248e-01
201, 2.917853307515258e-02, -2.460196552952596e-02, -6.180619437003023e-01, 1.332162375956819e+00, -4.746495298075922e-01
202, 2.450828292746889e-02, -2.282504863488334e-02, -6.505107343899280e-01, 1.298108113429604e+00, -5.251820302368507e-01
203, 1.991647199043558e-02, -2.085476759228670e-02, -5.987835659102156e-01, 1.239337822500816e+00, -5.675254820683641e-01
204, 1.542541842873880e-02, -1.866576537762674e-02, -7.680262711604293e-01, 1.226626296741039e+00, -6.382124609346865e-01
205, 1.106779626764621e-02, -1.625081027563261e-02, -6.987723982483151e-01, 1.102101312776425e+00, -8.407372751783607e-01
206, 7.581051971266991e-03, -1.268169549494701e-02, -4.330801549391901e-01, 8.188932954516255e-01, -9.051934772605286e-01
207, 4.373446637980957e-03, -8.850967716266532e-03, -3.474071984491460e-01, 6.278027153239927e-01, -8.389367354732946e-01
208, 1.605412390900984e-03, -4.696412080540733e-03, -1.975049889793156e-01, 3.981320249567326e-01, -8.057428514850349e-01
209, -2.315816830322181e-10, 2.646996271628450e-09, 1.008164449315829e-01, 5.453100847331423e-02, -6.233022142150231e-01
210, 7.655008509660512e-04, 4.903844976800497e-03, 3.346922635718999e-01, -6.455026454398743e-02, -2.208170315125215e-01
211, 2.770052179391319e-03, 9.475947327951735e-03, 4.060794683511452e-01, 2.104697737341940e-02, 4.165034398761741e-02
212, 5.263728188201499e-03, 1.380547235983992e-02, 3.874306126683317e-01, 1.614806785054848e-01, 2.570789017103689e-01
213, 8.077731459153087e-03, 1.792583047902271e-02, 3.112357107632314e-01, 3.452257370619407e-01, 3.746178866290459e-01
214, 1.194979982452571e-02, 2.106078913390319e-02, 2.409062568319749e-01, 5.053382099452407e-01, 3.875902482733830e-01
215, 1.599250785128137e-02, 2.399639884231821e-02, 2.120841557084018e-01, 5.967627903069591e-01, 4.117450542293513e-01
216, 2.017242328649205e-02, 2.673410623306826e-02, 1.722132740632414e-01, 6.871188087610812e-01, 4.298101745551532e-01
217, 2.446316354960240e-02, 2.929500798915531e-02, 1.256769616862699e-01, 7.636635190314361e-01, 4.340149253497836e-01
218, 2.885926289821604e-02, 3.167112096815299e-02, 1.017532690104299e-01, 8.313734676208395e-01, 4.324538676699760e-01
219, 3.332850958688117e-02, 3.390647724027000e-02, 8.660123330718450e-02, 8.754845750128163e-01, 4.226381974515911e-01
220, 3.785883998364421e-02, 3.601564644108569e-02, 4.968916176974626e-02, 9.174734615923754e-01, 4.132061406405808e-01
221, 4.244070620044141e-02, 3.801037315996794e-02, 4.665276488926236e-02, 9.512100779941165e-01, 4.025672714654092e-01
222, 4.706251294757420e-02, 3.991078758623934e-02, 1.458809502399696e-02, 9.851485520951689e-01, 3.939080805675049e-01
223, 5.172047998871480e-02, 4.172085709990113e-02, 6.143765443126370e-03, 1.019287029737228e+00, 3.862506206756260e-01
224, 5.640824447726567e-02, 4.345227737139205e-02, -9.861336161250595e-03, 1.053066890727405e+00, 3.798830368005442e-01
225, 6.112179437498187e-02, 4.511228445401648e-02, -1.284369548376327e-02, 1.072233318131438e+00, 3.690253611487081e-01
226, 6.585859091859478e-02, 4.670475745150167e-02, -2.409425846599489e-02, 1.089967575048942e+00, 3.588573172550634e-01
227, 7.061496202737264e-02, 4.823778355503893e-02, -3.719724819350632e-02, 1.107245474421793e+00, 3.496125287171707e-01
228, 7.538926169523881e-02, 4.971406477092120e-02, -4.596537310545122e-02, 1.123200239431842e+00, 3.405366876010884e-01
229, 8.017954729638187e-02, 5.113761572335752e-02, -5.291502773100523e-02, 1.136847524451281e+00, 3.316456189591911e-01
230, 8.498387620396602e-02, 5.251304334893509e-02, -5.952725905471221e-02, 1.147651204175805e+00, 3.225694504443176e-01
231, 8.980127414486395e-02, 5.384198716525320e-02, -6.542249657156722e-02, 1.158152563730611e+00, 3.139749150086613e-01
232, 9.463026224302659e-02, 5.512817656333106e-02, -7.729473116860472e-02, 1.165946117132816e+00, 3.053206142902519e-01
233, 9.946986330733369e-02, 5.637385338018541e-02, -7.811507440764211e-02, 1.178227518142795e+00, 2.982221453674417e-01
234, 1.043193231847064e-01, 5.758058282284180e-02, -8.747433932890913e-02, 1.186737500097865e+00, 2.906314282688536e-01
235, 1.091776090006440e-01, 5.875127551092946e-02, -8.435492963367486e-02, 1.188228990851761e+00, 2.818249815594504e-01
236, 1.140441610988888e-01, 5.988712666829097e-02, -9.360878251323079e-02, 1.191929613184492e+00, 2.739087615289817e-01
237, 1.189183544121429e-01, 6.098972607254075e-02, -9.586297034492181e-02, 1.193403530882690e+00, 2.659458299270457e-01
238, 1.237995133812833e-01, 6.206107302577695e-02, -1.007200373785073e-01, 1.195592306358685e+00, 2.585119720245591e-01
239, 1.286872581216374e-01, 6.310196663232853e-02, -1.048092645813240e-01, 1.195644604139874e+00, 2.509406964859321e-01
240, 1.335810570178533e-01, 6.411401364405996e-02, -1.047834757183016e-01, 1.194940303727221e+00, 2.436004153495392e-01
241, 1.384804931660800e-01, 6.509841458625523e-02, -1.132401044012519e-01, 1.195075416795337e+00, 2.367043051927633e-01
242, 1.433852610978270e-01, 6.605589721232842e-02, -1.121595230316136e-01, 1.193971790846276e+00, 2.298649272778179e-01
243, 1.482949339070943e-01, 6.698790286772133e-02, -1.160142772664110e-01, 1.193252494268375e+00, 2.234019150712688e-01
244, 1.532092426947315e-01, 6.789515278725111e-02, -1.162371474887963e-01, 1.190824310745010e+00, 2.168382049230275e-01
245, 1.581279221291192e-01, 6.877840000139129e-02, -1.207988711952056e-01, 1.188011746877181e+00, 2.104845737810740e-01
246, 1.630506510418465e-01, 6.963879265174966e-02, -1.212086363485137e-01, 1.186111091979561e+00, 2.045335915221596e-01
247, 1.679772370438414e-01, 7.047682080460489e-02, -1.222987039274826e-01, 1.184466852066258e+00, 1.988161043371706e-01
248, 1.729074429059663e-01, 7.129328298743617e-02, -1.249574599507869e-01, 1.179907719195446e+00, 1.928487724373965e-01
249, 1.778410400193725e-01, 7.208899967625954e-02, -1.305009887283488e-01, 1.181483765663622e+00, 1.880582469172609e-01
250, 1.827778755834178e-01, 7.286437208707683e-02, -1.284326896318188e-01, 1.175819893086489e+00, 1.822916119789977e-01
251, 1.877177380974088e-01, 7.362021991182506e-02, -1.288451488352211e-01, 1.177623769750355e+00, 1.778724031373864e-01
252, 1.926604699526515e-01, 7.435707362286249e-02, -1.353745301434691e-01, 1.174226272811449e+00, 1.727959599316458e-01
253, 1.976059370674636e-01, 7.507534050705102e-02, -1.301227399858972e-01, 1.173144274757741e+00, 1.682243383729192e-01
254, 2.025539631911299e-01, 7.577576217639229e-02, -1.362295312843639e-01, 1.170260027109324e+00, 1.635491808204512e-01
255, 2.075044330225370e-01, 7.645870050166859e-02, -1.341080616515706e-01, 1.165322875514927e+00, 1.587178922014034e-01
256, 2.124572243994890e-01, 7.712459414213781e-02, -1.405079326581724e-01, 1.162776926397361e+00, 1.543696206547859e-01
257, 2.174121981940473e-01, 7.777404991765632e-02, -1.371453676293916e-01, 1.158707070354355e+00, 1.499517762120445e-01
258, 2.223692640712403e-01, 7.840734108715075e-02, -1.401339013902841e-01, 1.153820659326221e+00, 1.455526194277429e-01
259, 2.273283081155610e-01, 7.902495122709473e-02, -1.391305852102402e-01, 1.148671504993222e+00, 1.412665640027612e-01
260, 2.322892264116596e-01, 7.962732346572883e-02, -1.412931449946154e-01, 1.144452109373052e+00, 1.372095521425625e-01
261, 2.372519418188883e-01, 8.021470597952809e-02, -1.416131163239007e-01, 1.139723157493851e+00, 1.332097608512720e-01
262, 2.422163510461075e-01, 8.078759637042458e-02, -1.420219591156610e-01, 1.135528043024936e+00, 1.293957577552435e-01
263, 2.471823771821448e-01, 8.134629952894309e-02, -1.435449128117665e-01, 1.131359428832914e+00, 1.256779898679971e-01
264, 2.521499500589702e-01, 8.189107836233073e-02, -1.437284622958814e-01, 1.127494927874452e+00, 1.221026151269891e-01
265, 2.571189816323836e-01, 8.242238897188459e-02, -1.448090233634454e-01, 1.124191766719571e+00, 1.186883800972378e-01
266, 2.620894119962654e-01, 8.294045327442187e-02, -1.449637356295737e-01, 1.119433441974092e+00, 1.152034941052088e-01
267, 2.670611751389102e-01, 8.344556318490569e-02, -1.421435423373517e-01, 1.115427838180726e+00, 1.118978128501006e-01
268, 2.720342000944644e-01, 8.393809740643568e-02, -1.441225456519107e-01, 1.113012780319272e+00, 1.088334203013694e-01
269, 2.770084375702034e-01, 8.441823359100943e-02, -1.424284541049894e-01, 1.111988291305014e+00, 1.059730043342186e-01
270, 2.819838250231478e-01, 8.488630131643622e-02, -1.457901383773968e-01, 1.109657506818069e+00, 1.030668115541035e-01
271, 2.869603076735251e-01, 8.534257962953658e-02, -1.445246947945903e-01, 1.106229699470389e+00, 1.001249641878146e-01
272, 2.919378418602721e-01, 8.578724040695102e-02, -1.455227970056728e-01, 1.103420792400913e+00, 9.731259188913177e-02
273, 2.969163707767465e-01, 8.622062208827752e-02, -1.452550317287504e-01, 1.099631752280686e+00, 9.449049312677139e-02
274, 3.018958518404025e-01, 8.664292438627566e-02, -1.449698080737704e-01, 1.095233361876682e+00, 9.167882206259366e-02
275, 3.068762446787917e-01, 8.705433437190117e-02, -1.444136141638165e-01, 1.090891617576952e+00, 8.894762852484916e-02
276, 3.118575002603513e-01, 8.745516364898119e-02, -1.444003389047759e-01, 1.087823129730159e+00, 8.638839862514645e-02
277, 3.168395841977790e-01, 8.784556313187146e-02, -1.447594463638812e-01, 1.086005120736393e+00, 8.397984611629600e-02
278, 3.218224582193542e-01, 8.822574531565373e-02, -1.460723498496391e-01, 1.083619097395969e+00, 8.158877047657215e-02
279, 3.268060821039394e-01, 8.859596916668085e-02, -1.449033827984903e-01, 1.080717899543903e+00, 7.921265088798683e-02
280, 3.317904266639116e-01, 8.895636077487222e-02, -1.450317104189406e-01, 1.078099739621606e+00, 7.690925635323358e-02
281, 3.367754554002298e-01, 8.930716225795673e-02, -1.447902247714767e-01, 1.075222646456496e+00, 7.464594966294914e-02
282, 3.417611365587642e-01, 8.964856448855665e-02, -1.431926553939598e-01, 1.072414245741801e+00, 7.243352393948720e-02
283, 3.467474440577255e-01, 8.998069516001847e-02, -1.434669833280113e-01, 1.069949670486609e+00, 7.029533660958527e-02
284, 3.517343445828991e-01, 9.030380093048657e-02, -1.435507465563688e-01, 1.068766595189358e+00, 6.829035147332034e-02
285, 3.567218130238929e-01, 9.061802155615581e-02, -1.447561056284659e-01, 1.067319018936308e+00, 6.630414397243629e-02
286, 3.617098243235461e-01, 9.092349910243241e-02, -1.425506253761094e-01, 1.064533728626337e+00, 6.428235452845903e-02
287, 3.666983494921907e-01, 9.122045925913837e-02, -1.426042448432263e-01, 1.062267481449209e+00, 6.233694311273295e-02
288, 3.716873692602657e-01, 9.150901043737075e-02, -1.412289820375256e-01, 1.060276535969880e+00, 6.044452495992462e-02
289, 3.766768587157037e-01, 9.178931674995480e-02, -1.402730199260040e-01, 1.058624268746389e+00, 5.861519708519608e-02
290, 3.816667943105530e-01, 9.206156339065993e-02, -1.387877335180497e-01, 1.056926426701186e+00, 5.681899654622652e-02
291, 3.866571579830477e-01, 9.232584471942887e-02, -1.423363173012025e-01, 1.056498837316045e+00, 5.512472512030952e-02
292, 3.916479276544342e-01, 9.258234695665828e-02, -1.395389278104733e-01, 1.054403983591762e+00, 5.338194585553251e-02
293, 3.966390844771293e-01, 9.283120572710048e-02, -1.397893970066222e-01, 1.052858499812493e+00, 5.169784125258745e-02
294, 4.016306118498559e-01, 9.307252034928558e-02, -1.397649428664790e-01, 1.051296742457480e+00, 5.004820910561829e-02
295, 4.066224890564004e-01, 9.330647736049426e-02, -1.373093576197282e-01, 1.048421454863060e+00, 4.837325097303471e-02
296, 4.116147012607391e-01, 9.353317752161797e-02, -1.370192922039922e-01, 1.046658981148966e+00, 4.677916849962719e-02
297, 4.166072331474985e-01, 9.375273352862112e-02, -1.365183064763836e-01, 1.045768159670818e+00, 4.525759429124886e-02
298, 4.216000666663343e-01, 9.396531308837544e-02, -1.360619608194257e-01, 1.045622981889245e+00, 4.379599210113912e-02
299, 4.265931891239072e-01, 9.417099599668098e-02, -1.333727082867078e-01, 1.044015032160072e+00, 4.229797725144459e-02
300, 4.315865853534075e-01, 9.436991410199588e-02, -1.349620224851207e-01, 1.042927501635507e+00, 4.085276663087203e-02
301, 4.365802415945593e-01, 9.456220125617788e-02, -1.333039829284543e-01, 1.041680398806937e+00, 3.942627833122303e-02
302, 4.415741462289103e-01, 9.474793057939013e-02, -1.312800991453314e-01, 1.039686762758321e+00, 3.799889982967340e-02
303, 4.465682852199355e-01, 9.492724838653485e-02, -1.323237776039698e-01, 1.038424628382444e+00, 3.662804245860587e-02
304, 4.515626467323788e-01, 9.510025198100089e-02, -1.315815233388178e-01, 1.036615602632558e+00, 3.526036677875360e-02
305, 4.565572200777698e-01, 9.526702091737640e-02, -1.287944248417646e-01, 1.035707276782963e+00, 3.394998794979068e-02
306, 4.615519934547191e-01, 9.542769797703862e-02, -1.294131275332015e-01, 1.034858359439426e+00, 3.266626826035134e-02
307, 4.665469570083353e-01, 9.558235627071011e-02, -1.278069993028774e-01, 1.033877520380688e+00, 3.139782232032095e-02
308, 4.715421004031172e-01, 9.573108749537473e-02, -1.263077948770883e-01, 1.033353582443397e+00, 3.016757723546862e-02
309, 4.765374131433012e-01, 9.587401622349848e-02, -1.265034801624190e-01, 1.032660808083098e+00, 2.895298297371418e-02
310, 4.815328869990985e-01, 9.601120180972002e-02, -1.252101295198273e-01, 1.031252370400089e+00, 2.773814144512309e-02
311, 4.865285120985040e-01, 9.614275210616523e-02, -1.244630333552363e-01, 1.030434135583243e+00, 2.656276884749099e-02
312, 4.915242805589953e-01, 9.626876225772052e-02, -1.233397329503768e-01, 1.029511715889370e+00, 2.540254683371041e-02
313, 4.965201839294061e-01, 9.638929025402138e-02, -1.221167407344589e-01, 1.028251232267541e+00, 2.425428262496579e-02
314, 5.015162136858824e-01, 9.650445093226248e-02, -1.199455244114825e-01, 1.028058865821027e+00, 2.315181402411962e-02
315, 5.065123631011476e-01, 9.661431343272338e-02, -1.196493380445827e-01, 1.027898905318271e+00, 2.206429873869241e-02
316, 5.115086250227541e-01, 9.671894240386142e-02, -1.193092980757909e-01, 1.026151938171196e+00, 2.096253266123568e-02
317, 5.165049915964298e-01, 9.681844577746879e-02, -1.152222523959355e-01, 1.025519219263670e+00, 1.990254649097851e-02
318, 5.215014565018207e-01, 9.691287615893179e-02, -1.169524249391020e-01, 1.024954002455577e+00, 1.885828104834568e-02
319, 5.264980134663817e-01, 9.700230887229482e-02, -1.145426436670530e-01, 1.024329083770388e+00, 1.783113157295190e-02
320, 5.314946554398956e-01, 9.708683396987632e-02, -1.132797390836750e-01, 1.024246041401817e+00, 1.682796627570665e-02
321, 5.364913778659757e-01, 9.716649598388674e-02, -1.126912215432259e-01, 1.023917137140652e+00, 1.583468188167524e-02
322, 5.414881740271152e-01, 9.724138181556344e-02, -1.112126170254182e-01, 1.023288560501477e+00, 1.485336243888913e-02
323, 5.464850382046658e-01, 9.731155717662494e-02, -1.099519521095880e-01, 1.022568633441635e+00, 1.388349348669634e-02
324, 5.514819663506334e-01, 9.737706830749504e-02, -1.088338191504914e-01, 1.021838612063362e+00, 1.292859302421473e-02
325, 5.564789517330156e-01, 9.743800301572504e-02, -1.072823230220166e-01, 1.021334721970969e+00, 1.199158756717493e-02
326, 5.614759908285903e-01, 9.749440909411261e-02, -1.067431677143620e-01, 1.020449618085288e+00, 1.106163150751572e-02
327, 5.664730781560379e-01, 9.754633893135643e-02, -1.045577930551861e-01, 1.020505484402377e+00, 1.015601564323814e-02
328, 5.714702091445564e-01, 9.759387101676788e-02, -1.041336960139966e-01, 1.019228963508670e+00, 9.250025320143671e-03
329, 5.764673802481467e-01, 9.763704234611315e-02, -1.016334454790859e-01, 1.018406117066977e+00, 8.360013003395426e-03
330, 5.814645860075192e-01, 9.767591404374401e-02, -1.004546289025777e-01, 1.018256996107959e+00, 7.488873137202446e-03
331, 5.864618234633974e-01, 9.771054748047714e-02, -9.939636417975095e-02, 1.017814074540187e+00, 6.625752182751820e-03
332, 5.914590880695735e-01, 9.774097611697491e-02, -9.785164739232320e-02, 1.017177706778754e+00, 5.772512037246470e-03
333, 5.964563758736312e-01, 9.776726684594346e-02, -9.670159547558671e-02, 1.016613125539395e+00, 4.931892730420195e-03
334, 6.014536837917291e-01, 9.778946287437285e-02, -9.499011207682169e-02, 1.016076353394132e+00, 4.100399405822044e-03
335, 6.064510084406988e-01, 9.780760041467823e-02, -9.380986024724905e-02, 1.015307725463980e+00, 3.279159885635741e-03
336, 6.114483456868716e-01, 9.782174283594022e-02, -9.196689823031186e-02, 1.014851158608015e+00, 2.469549744141046e-03
337, 6.164456924759307e-01, 9.783192158649995e-02, -8.996207986629197e-02, 1.014872918239814e+00, 1.668833441210529e-03
338, 6.214430456603766e-01, 9.783817788830083e-02, -8.956478075720059e-02, 1.013849715711767e+00, 8.767300396136945e-04
339, 6.264404023098252e-01, 9.784056454631224e-02, -8.752663626568462e-02, 1.013479143907085e+00, 9.417397047686737e-05
340, 6.314377596681117e-01, 9.783910661180498e-02, -8.591447070261228e-02, 1.013512404230472e+00, -6.807752686167589e-04
341, 6.364351141527435e-01, 9.783385110836001e-02, -8.463297339549447e-02, 1.013015033742851e+00, -1.446418636972786e-03
342, 6.414324632450519e-01, 9.782483582110278e-02, -8.282851891608416e-02, 1.012747663980069e+00, -2.205497063465497e-03
343, 6.464298043243845e-01, 9.781208531159960e-02, -8.140267838102258e-02, 1.012333444972656e+00, -2.956499241345308e-03
344, 6.514271346502570e-01, 9.779564658649460e-02, -8.025969939582055e-02, 1.011757341117344e+00, -3.698905252750115e-03
345, 6.564244511594024e-01, 9.777554566896493e-02, -7.866541131638850e-02, 1.011003088675577e+00, -4.434346020718747e-03
346, 6.614217522533348e-01, 9.775180933882124e-02, -7.594044371378270e-02, 1.012421070242342e+00, -5.172961077038151e-03
347, 6.664190348454800e-01, 9.772447838687359e-02, -7.473127928164369e-02, 1.010694001241047e+00, -5.889250522500199e-03
348, 6.714162965623540e-01, 9.769357175630687e-02, -7.334040612193492e-02, 1.009737056735829e+00, -6.603185510482047e-03
349, 6.764135347897704e-01, 9.765911925522999e-02, -7.216036491596389e-02, 1.009167502025216e+00, -7.312484699555566e-03
350, 6.814107478661188e-01, 9.762115139785044e-02, -7.055683595469056e-02, 1.008624135019792e+00, -8.016510413221109e-03
351, 6.864079332493832e-01, 9.757968411527690e-02, -6.889530100041347e-02, 1.008143190101737e+00, -8.715584229262351e-03
352, 6.914050886957798e-01, 9.753474847396811e-02, -6.737470439800010e-02, 1.007629897999246e+00, -9.408566048865962e-03
353, 6.964022115137064e-01, 9.748636430872157e-02, -6.576769915358932e-02, 1.007159513387454e+00, -1.009765556221092e-02
354, 7.013993000387864e-01, 9.743454775857380e-02, -6.404793633682791e-02, 1.006734241196626e+00, -1.078222199897103e-02
355, 7.063963521992754e-01, 9.737932608636742e-02, -6.299207439849668e-02, 1.006088306940097e+00, -1.145964824045948e-02
356, 7.113933658425634e-01, 9.732071234490954e-02, -6.021952124947590e-02, 1.006092029724584e+00, -1.214104604949892e-02
357, 7.163903388671886e-01, 9.725872334947223e-02, -5.943693898513577e-02, 1.005435216750083e+00, -1.281031484158863e-02
358, 7.213872688292748e-01, 9.719337938339871e-02, -5.716128080946832e-02, 1.005001759679829e+00, -1.347873392899983e-02
359, 7.263841527292211e-01, 9.712468979511786e-02, -5.618382071982215e-02, 1.004941920844862e+00, -1.414922366166856e-02
360, 7.313809912984761e-01, 9.705267133699688e-02, -5.388687000962603e-02, 1.004516891775169e+00, -1.481134818488575e-02
361, 7.363777815977148e-01, 9.697733625829461e-02, -5.244080841976363e-02, 1.004182186381055e+00, -1.547227934930629e-02
362, 7.413745199678630e-01, 9.689869263735942e-02, -5.060700167755803e-02, 1.003850016881375e+00, -1.613064320799861e-02
363, 7.463712058071937e-01, 9.681675414180466e-02, -4.874008194831055e-02, 1.003555872677436e+00, -1.678719306637306e-02
364, 7.513678357761284e-01, 9.673152733404750e-02, -4.720781207375965e-02, 1.003093707858665e+00, -1.743908496362310e-02
365, 7.563644088045727e-01, 9.664301931048760e-02, -4.518183284820874e-02, 1.002757905414745e+00, -1.809111991636196e-02
366, 7.613609228814401e-01, 9.655123841667211e-02, -4.362013556037428e-02, 1.002374709238005e+00, -1.874067869167247e-02
367, 7.663573772003635e-01, 9.645618797071456e-02, -4.192836438138482e-02, 1.002096806985069e+00, -1.939094866276493e-02
368, 7.713537675031032e-01, 9.635787312930366e-02, -4.053285684085066e-02, 1.001818636987297e+00, -2.004008316405635e-02
369, 7.763500923492197e-01, 9.625629665783181e-02, -3.779889778729056e-02, 1.003399924855539e+00, -2.072685292605239e-02
370, 7.813463496820503e-01, 9.615146013679289e-02, -3.587003259938595e-02, 1.001447989824278e+00, -2.134014809197650e-02
371, 7.863425376684180e-01, 9.604336471820098e-02, -3.423671567068379e-02, 1.000336833983994e+00, -2.196938240574082e-02
372, 7.913386541627599e-01, 9.593200929704222e-02, -3.269694891373852e-02, 9.996767363517161e-01, -2.260753629741597e-02
373, 7.963346970303179e-01, 9.581739356447769e-02, -3.090980375930236e-02, 9.989695450940097e-01, -2.324419399676633e-02
374, 8.013306640628792e-01, 9.569951350407578e-02, -2.904752958795874e-02, 9.983104739309704e-01, -2.388181469652725e-02
375, 8.063265456843787e-01, 9.557836624355574e-02, -2.739461568052055e-02, 9.975372725708413e-01, -2.451647799190989e-02
376, 8.113223606031066e-01, 9.545394753369453e-02, -2.523106211269811e-02, 9.969100984944170e-01, -2.515505755286432e-02
377, 8.163180860184137e-01, 9.532624945536793e-02, -2.366411362350762e-02, 9.961719135183376e-01, -2.579122541398145e-02
378, 8.213137268383279e-01, 9.519526770617748e-02, -2.142033662099527e-02, 9.958318736693336e-01, -2.643838757382310e-02
379, 8.263092796755769e-01, 9.506099278180928e-02, -1.993238395849250e-02, 9.952446720094407e-01, -2.708038133029549e-02
380, 8.313047430634664e-01, 9.492341442540821e-02, -1.790383113578411e-02, 9.948320472916551e-01, -2.772813891340048e-02
381, 8.363001137684272e-01, 9.478252644536439e-02, -1.537521605424123e-02, 9.933898301279871e-01, -2.834820406227166e-02
382, 8.412953898866500e-01, 9.463831296144291e-02, -1.434473748684138e-02, 9.922214330054819e-01, -2.897698416857353e-02
383, 8.462905681085698e-01, 9.449076371214640e-02, -1.245475945500973e-02, 9.921257979473738e-01, -2.963835439733136e-02
384, 8.512856467558153e-01, 9.433986817327057e-02, -9.884918428522184e-03, 9.909194253062650e-01, -3.026877423024562e-02
385, 8.562806226715014e-01, 9.418560599862219e-02, -8.334079297533790e-03, 9.902380922892824e-01, -3.091701207834675e-02
386, 8.612754932710766e-01, 9.402796721957250e-02, -6.731164979373639e-03, 9.913134088036797e-01, -3.162316615978101e-02
387, 8.662702553100931e-01, 9.386693401254811e-02, -2.487743577357864e-03, 9.887810932932922e-01, -3.221714154321668e-02
388, 8.712649057777431e-01, 9.370248535220693e-02, -8.745967819645531e-04, 9.880762526328815e-01, -3.287168708224912e-02
389, 8.762594396902441e-01, 9.353461012329742e-02, 8.086839231580330e-04, 9.874755207478405e-01, -3.353257851118332e-02
390, 8.812538624615267e-01, 9.336328152668819e-02, 3.343901052122782e-03, 9.863668427504739e-01, -3.417954899585399e-02
391, 8.862481613850932e-01, 9.318848129193581e-02, 5.463309920341575e-03, 9.852373517867686e-01, -3.482769369703509e-02
392, 8.912423376138081e-01, 9.301019345864732e-02, 7.855067967520741e-03, 9.837236066795183e-01, -3.546519750545845e-02
393, 8.962363866545893e-01, 9.282838585506063e-02, 1.066185730323530e-02, 9.825126913950918e-01, -3.611654264101938e-02
394, 9.012303056302277e-01, 9.264304209671431e-02, 1.250097063921346e-02, 9.805498880190381e-01, -3.674203585289453e-02
395, 9.062240913041191e-01, 9.245413809183617e-02, 1.544859498781000e-02, 9.795031400813192e-01, -3.740536706671108e-02
396, 9.112177397905959e-01, 9.226164092959589e-02, 1.792937569662319e-02, 9.777541824331325e-01, -3.804471822714951e-02
397, 9.162112476799790e-01, 9.206553474240886e-02, 2.108434358180946e-02, 9.760364843392907e-01, -3.868787145442058e-02
398, 9.212046112216231e-01, 9.186578400789795e-02, 2.489653887303058e-02, 9.739459795484475e-01, -3.931975236975654e-02
399, 9.261978265996161e-01, 9.166236062558239e-02, 2.741166873863170e-02, 9.716361379209806e-01, -3.994431825485569e-02
400, 9.311908899199975e-01, 9.145524442528929e-02, 3.123935517071168e-02, 9.694045635974761e-01, -4.057499444239088e-02
401, 9.361837969525064e-01, 9.124439200155739e-02, 3.425844090978012e-02, 9.673997755304711e-01, -4.121856110542908e-02
402, 9.411765439005861e-01, 9.102977989739970e-02, 3.812223026766602e-02, 9.653287943375722e-01, -4.186139171970047e-02
403, 9.461691264352945e-01, 9.081137913445846e-02, 4.086258156264421e-02, 9.623524134128523e-01, -4.246835552783378e-02
404, 9.511615397540618e-01, 9.058914469148222e-02, 4.602228837105892e-02, 9.613635115967355e-01, -4.316641840079261e-02
405, 9.561537801017681e-01, 9.036305575567935e-02, 5.320613751123183e-02, 9.561834522337398e-01, -4.367770286028878e-02
406, 9.611458424882093e-01, 9.013306964953235e-02, 5.600726220137003e-02, 9.525230606342829e-01, -4.425939078568779e-02
407, 9.661377218113932e-01, 8.989914764051667e-02, 6.122619354265368e-02, 9.484021801880473e-01, -4.481961475386241e-02
408, 9.711294136452300e-01, 8.966126578565187e-02, 6.714070292663338e-02, 9.437704409907517e-01, -4.535618893815332e-02
409, 9.761209135388793e-01, 8.941937045050175e-02, 7.382459715460454e-02, 9.370513683117724e-01, -4.579142706982150e-02
410, 9.811122152356103e-01, 8.917343049034464e-02, 8.551235905997714e-02, 9.303794402522914e-01, -4.622422209692899e-02
411, 9.861033142996390e-01, 8.892341289827900e-02, 9.110191752133441e-02, 9.183032819396314e-01, -4.642422388262606e-02
412, 9.910941811078858e-01, 8.866879871176231e-02, 1.986484847948133e-01, 9.053534892611802e-01, -4.648185971571979e-02
413, -9.799999999999754e+00, -6.000000000000000e+00, -1.825762999627743e-01, 9.213886100304508e-01, 0.000000000000000e+00
414, -9.599999999999508e+00, -6.000000000000000e+00, -1.629741115278187e-01, 8.902151434639775e-01, 0.000000000000000e+00
415, -9.399999999999260e+00, -6.000000000000000e+00, -1.432880767058107e-01, 8.658168405381294e-01, 0.000000000000000e+00
416, -9.199999999999013e+00, -6.000000000000000e+00, -1.335760406996257e-01, 8.462111384730165e-01, 0.000000000000000e+00
417, -8.999999999998767e+00, -6.000000000000000e+00, -1.189449459947489e-01, 8.344973810581698e-01, 0.000000000000000e+00
418, -8.799999999998521e+00, -6.000000000000000e+00, -1.142688478073015e-01, 8.246968336972733e-01, 0.000000000000000e+00
419, -8.599999999998273e+00, -6.000000000000000e+00, -1.050020601756710e-01, 8.186911476646120e-01, 0.000000000000000e+00
420, -8.399999999998027e+00, -6.000000000000000e+00, -9.897719131909372e-02, 8.150803687716600e-01, 0.000000000000000e+00
421, -8.199999999997781e+00, -6.000000000000000e+00, -9.245639229901788e-02, 8.116776642142892e-01, 0.000000000000000e+00
422, -7.999999999997534e+00, -6.000000000000000e+00, -8.793778918225173e-02, 8.089820849452223e-01, 0.000000000000000e+00
423, -7.799999999997287e+00, -6.000000000000000e+00, -8.230705495231139e-02, 8.075362217052806e-01, 0.000000000000000e+00
424, -7.599999999997102e+00, -6.000000000000000e+00, -7.836212009627322e-02, 8.068321217524487e-01, 0.000000000000000e+00
425, -7.399999999997300e+00, -6.000000000000000e+00, -7.326136157313912e-02, 8.039215825185120e-01, 0.000000000000000e+00
426, -7.199999999997880e+00, -6.000000000000000e+00, -7.096175342046250e-02, 8.021603362158596e-01, 0.000000000000000e+00
427, -6.999999999998521e+00, -6.000000000000000e+00, -6.752586042402961e-02, 8.021495354814885e-01, 0.000000000000000e+00
428, -6.799999999999162e+00, -6.000000000000000e+00, -6.596818971214820e-02, 8.022813985238080e-01, 0.000000000000000e+00
429, -6.599999999999804e+00, -6.000000000000000e+00, -6.202563506705544e-02, 8.045368401855002e-01, 0.000000000000000e+00
430, -6.400000000000446e+00, -6.000000000000000e+00, -6.113530172347413e-02, 8.058897057503699e-01, 0.000000000000000e+00
431, -6.200000000001087e+00, -6.000000000000000e+00, -5.651286087306959e-02, 8.077983225549835e-01, 0.000000000000000e+00
432, -6.000000000001728e+00, -6.000000000000000e+00, -5.617878446737294e-02, 8.105793246954016e-01, 0.000000000000000e+00
433, -5.800000000002370e+00, -6.000000000000000e+00, -5.338561816382302e-02, 8.119948200800245e-01, 0.000000000000000e+00
434, -5.600000000003012e+00, -6.000000000000000e+00, -5.195146885494629e-02, 8.148622552788271e-01, 0.000000000000000e+00
435, -5.400000000003653e+00, -6.000000000000000e+00, -4.980899252723901e-02, 8.184527615249446e-01, 0.000000000000000e+00
436, -5.200000000004295e+00, -6.000000000000000e+00, -4.979713957691110e-02, 8.211180389153339e-01, 0.000000000000000e+00
437, -5.000000000004936e+00, -6.000000000000000e+00, -4.466337814517760e-02, 8.246202447469624e-01, 0.000000000000000e+00
438, -4.800000000005578e+00, -6.000000000000000e+00, -4.877586078777582e-02, 8.292612966411923e-01, 0.000000000000000e+00
439, -4.600000000006220e+00, -6.000000000000000e+00, -4.561028021307457e-02, 8.336592983483975e-01, 0.000000000000000e+00
440, -4.400000000006862e+00, -6.000000000000000e+00, -4.529637444895238e-02, 8.384625444372625e-01, 0.000000000000000e+00
441, -4.200000000007504e+00, -6.000000000000000e+00, -4.311186260235055e-02, 8.435990181666988e-01, 0.000000000000000e+00
442, -4.000000000008145e+00, -6.000000000000000e+00, -4.378873837746219e-02, 8.476836076666679e-01, 0.000000000000000e+00
443, -3.800000000008787e+00, -6.000000000000000e+00, -4.048468545094563e-02, 8.521274875937587e-01, 0.000000000000000e+00
444, -3.600000000009428e+00, -6.000000000000000e+00, -4.082541764199205e-02, 8.556327035981617e-01, 0.000000000000000e+00
445, -3.400000000010070e+00, -6.000000000000000e+00, -4.092630125598364e-02, 8.587619858721015e-01, 0.000000000000000e+00
446, -3.200000000010710e+00, -6.000000000000000e+00, -4.112624046970802e-02, 8.637335861570259e-01, 0.000000000000000e+00
447, -3.000000000011353e+00, -6.000000000000000e+00, -3.909460398712243e-02, 8.704689884120417e-01, 0.000000000000000e+00
448, -2.800000000011993e+00, -6.000000000000000e+00, -4.033040605041761e-02, 8.750422626161477e-01, 0.000000000000000e+00
449, -2.600000000012636e+00, -6.000000000000000e+00, -3.878158719774701e-02, 8.811834503738377e-01, 0.000000000000000e+00
450, -2.400000000013276e+00, -6.000000000000000e+00, -3.967172235203759e-02, 8.869972864993388e-01, 0.000000000000000e+00
451, -2.200000000013919e+00, -6.000000000000000e+00, -3.945512311004218e-02, 8.933763668360875e-01, 0.000000000000000e+00
452, -2.000000000014490e+00, -6.000000000000000e+00, -3.894066172598083e-02, 8.978357177321697e-01, 0.000000000000000e+00
453, -1.800000000014522e+00, -6.000000000000000e+00, -3.814124584672848e-02, 9.019600254883364e-01, 0.000000000000000e+00
454, -1.600000000014276e+00, -6.000000000000000e+00, -3.836763423854751e-02, 9.061196053785273e-01, 0.000000000000000e+00
455, -1.400000000014030e+00, -6.000000000000000e+00, -3.777533894969512e-02, 9.103373774590381e-01, 0.000000000000000e+00
456, -1.200000000013784e+00, -6.000000000000000e+00, -3.804438309538477e-02, 9.143902489817739e-01, 0.000000000000000e+00
457, -1.000000000013538e+00, -6.000000000000000e+00, -3.777169652407931e-02, 9.181939599840482e-01, 0.000000000000000e+00
458, -8.000000000132914e-01, -6.000000000000000e+00, -3.695648530913326e-02, 9.217821276601428e-01, 0.000000000000000e+00
459, -6.000000000130452e-01, -6.000000000000000e+00, -3.726683481735346e-02, 9.253695048098199e-01, 0.000000000000000e+00
460, -4.000000000127990e-01, -6.000000000000000e+00, -3.613892481735109e-02, 9.286493940041309e-01, 0.000000000000000e+00
461, -2.000000000125528e-01, -6.000000000000000e+00, -3.635764134919755e-02, 9.322103184639151e-01, 0.000000000000000e+00
462, -1.230660018336494e-11, -6.000000000000000e+00, -3.563852382154056e-02, 9.353400033443324e-01, 0.000000000000000e+00
463, 1.999999999879378e-01, -6.000000000000000e+00, -3.507184431828664e-02, 9.384933059688431e-01, 0.000000000000000e+00
464, 3.999999999881858e-01, -6.000000000000000e+00, -3.441342196063763e-02, 9.413621582064838e-01, 0.000000000000000e+00
465, 5.999999999884320e-01, -6.000000000000000e+00, -3.405142927410972e-02, 9.437965255426219e-01, 0.000000000000000e+00
466, 7.999999999886782e-01, -6.000000000000000e+00, -3.313867532893237e-02, 9.463820694114458e-01, 0.000000000000000e+00
467, 9.999999999889226e-01, -6.000000000000000e+00, -3.292093048626710e-02, 9.492101655727604e-01, 0.000000000000000e+00
468, 1.199999999989171e+00, -6.000000000000000e+00, -3.171064801679558e-02, 9.519168911355970e-01, 0.000000000000000e+00
469, 1.399999999989417e+00, -6.000000000000000e+00, -3.076531873207590e-02, 9.532793393572543e-01, 0.000000000000000e+00
470, 1.599999999989663e+00, -6.000000000000000e+00, -3.063043424936178e-02, 9.551618518914378e-01, 0.000000000000000e+00
471, 1.799999999989907e+00, -6.000000000000000e+00, -2.837137368458586e-02, 9.568606841649852e-01, 0.000000000000000e+00
472, 1.999999999990154e+00, -6.000000000000000e+00, -2.900530954335656e-02, 9.578276488348049e-01, 0.000000000000000e+00
473, 2.199999999990400e+00, -6.000000000000000e+00, -2.731641869722620e-02, 9.591212989205514e-01, 0.000000000000000e+00
474, 2.399999999990648e+00, -6.000000000000000e+00, -2.767198739666622e-02, 9.609566047707072e-01, 0.000000000000000e+00
475, 2.599999999990892e+00, -6.000000000000000e+00, -2.579882742276804e-02, 9.622934185431562e-01, 0.000000000000000e+00
476, 2.799999999991138e+00, -6.000000000000000e+00, -2.538031599737238e-02, 9.637397117589208e-01, 0.000000000000000e+00
477, 2.999999999991385e+00, -6.000000000000000e+00, -2.430426934069961e-02, 9.648495258792031e-01, 0.000000000000000e+00
478, 3.199999999991633e+00, -6.000000000000000e+00, -2.343291274338712e-02, 9.660023283280832e-01, 0.000000000000000e+00
479, 3.399999999991879e+00, -6.000000000000000e+00, -2.268976930068085e-02, 9.670361798908776e-01, 0.000000000000000e+00
480, 3.599999999992125e+00, -6.000000000000000e+00, -2.160294593274561e-02, 9.681380463537682e-01, 0.000000000000000e+00
481, 3.799999999992369e+00, -6.000000000000000e+00, -2.107321863047920e-02, 9.689367350749649e-01, 0.000000000000000e+00
482, 3.999999999992616e+00, -6.000000000000000e+00, -1.967203515441286e-02, 9.695796831402200e-01, 0.000000000000000e+00
483, 4.199999999992862e+00, -6.000000000000000e+00, -1.965331103819498e-02, 9.698529839322151e-01, 0.000000000000000e+00
484, 4.399999999993110e+00, -6.000000000000000e+00, -1.788361103986718e-02, 9.712021156246747e-01, 0.000000000000000e+00
485, 4.599999999993354e+00, -6.000000000000000e+00, -1.766963556166253e-02, 9.726118136825973e-01, 0.000000000000000e+00
486, 4.799999999993600e+00, -6.000000000000000e+00, -1.743791782975502e-02, 9.733206391241491e-01, 0.000000000000000e+00
487, 4.999999999993847e+00, -6.000000000000000e+00, -1.679844698767075e-02, 9.739520243248027e-01, 0.000000000000000e+00
488, 5.199999999994095e+00, -6.000000000000000e+00, -1.586849526368411e-02, 9.745132613154456e-01, 0.000000000000000e+00
489, 5.399999999994339e+00, -6.000000000000000e+00, -1.541836714009539e-02, 9.750575799087875e-01, 0.000000000000000e+00
490, 5.599999999994585e+00, -6.000000000000000e+00, -1.472617315129179e-02, 9.755327745997107e-01, 0.000000000000000e+00
491, 5.799999999994832e+00, -6.000000000000000e+00, -1.435062635846986e-02, 9.759626141401526e-01, 0.000000000000000e+00
492, 5.999999999995078e+00, -6.000000000000000e+00, -1.341477100603846e-02, 9.765626486419849e-01, 0.000000000000000e+00
493, 6.199999999995324e+00, -6.000000000000000e+00, -1.331116611238714e-02, 9.767301338663581e-01, 0.000000000000000e+00
494, 6.399999999995568e+00, -6.000000000000000e+00, -1.249382956060985e-02, 9.773393764721661e-01, 0.000000000000000e+00
495, 6.599999999995816e+00, -6.000000000000000e+00, -1.235800214990051e-02, 9.777079429158603e-01, 0.000000000000000e+00
496, 6.799999999996061e+00, -6.000000000000000e+00, -1.200825282698130e-02, 9.781227462985376e-01, 0.000000000000000e+00
497, 6.999999999996305e+00, -6.000000000000000e+00, -1.117913869201063e-02, 9.789161467037121e-01, 0.000000000000000e+00
498, 7.199999999996553e+00, -6.000000000000000e+00, -1.086911475919857e-02, 9.792145397098251e-01, 0.000000000000000e+00
499, 7.399999999996801e+00, -6.000000000000000e+00, -1.065659892320099e-02, 9.798734379759957e-01, 0.000000000000000e+00
500, 7.599999999997046e+00, -6.000000000000000e+00, -1.039590044768240e-02, 9.806788624354271e-01, 0.000000000000000e+00
501, 7.799999999997290e+00, -6.000000000000000e+00, -9.833992136519547e-03, 9.812851168712100e-01, 0.000000000000000e+00
502, 7.999999999997538e+00, -6.000000000000000e+00, -9.594593570946568e-03, 9.820153782516758e-01, 0.000000000000000e+00
503, 8.199999999997786e+00, -6.000000000000000e+00, -9.457085208014011e-03, 9.826272732384372e-01, 0.000000000000000e+00
504, 8.399999999998030e+00, -6.000000000000000e+00, -9.125930401547196e-03, 9.832280197769953e-01, 0.000000000000000e+00
505, 8.599999999998275e+00, -6.000000000000000e+00, -8.943638481750130e-03, 9.838546402016842e-01, 0.000000000000000e+00
506, 8.799999999998523e+00, -6.000000000000000e+00, -8.791003072908376e-03, 9.844224769950740e-01, 0.000000000000000e+00
507, 8.999999999998771e+00, -6.000000000000000e+00, -8.517787416105475e-03, 9.851950029144277e-01, 0.000000000000000e+00
508, 9.199999999999015e+00, -6.000000000000000e+00, -8.579436116291660e-03, 9.857224818958464e-01, 0.000000000000000e+00
509, 9.399999999999263e+00, -6.000000000000000e+00, -8.476063470318883e-03, 9.863146892427663e-01, 0.000000000000000e+00
510, 9.599999999999508e+00, -6.000000000000000e+00, -8.435210933837351e-03, 9.869151939396384e-01, 0.000000000000000e+00
511, 9.799999999999752e+00, -6.000000000000000e+00, -8.757757933468587e-03, 9.875361033978965e-01, 0.000000000000000e+00
571, 9.799999999999754e+00, 6.000000000000000e+00, 8.191165209909246e-03, 1.010299433634133e+00, 0.000000000000000e+00
572, 9.599999999999508e+00, 6.000000000000000e+00, 7.583104641076466e-03, 1.011455318891596e+00, 0.000000000000000e+00
573, 9.399999999999260e+00, 6.000000000000000e+00, 7.016063876344965e-03, 1.012271649044602e+00, 0.000000000000000e+00
574, 9.199999999999013e+00, 6.000000000000000e+00, 7.027101582909759e-03, 1.013228873474848e+00, 0.000000000000000e+00
575, 8.999999999998767e+00, 6.000000000000000e+00, 6.815819584981080e-03, 1.014157808666866e+00, 0.000000000000000e+00
576, 8.799999999998521e+00, 6.000000000000000e+00, 6.654045472272792e-03, 1.015167166953455e+00, 0.000000000000000e+00
577, 8.599999999998273e+00, 6.000000000000000e+00, 6.543061573179508e-03, 1.016171478329430e+00, 0.000000000000000e+00
578, 8.399999999998027e+00, 6.000000000000000e+00, 6.545884283147197e-03, 1.016995430364479e+00, 0.000000000000000e+00
579, 8.199999999997781e+00, 6.000000000000000e+00, 6.483950950220468e-03, 1.017746300250210e+00, 0.000000000000000e+00
580, 7.999999999997534e+00, 6.000000000000000e+00, 6.541870544937789e-03, 1.018612940303540e+00, 0.000000000000000e+00
581, 7.799999999997287e+00, 6.000000000000000e+00, 6.545451102892945e-03, 1.019539421993336e+00, 0.000000000000000e+00
582, 7.599999999997102e+00, 6.000000000000000e+00, 6.660357697857736e-03, 1.020457759896810e+00, 0.000000000000000e+00
583, 7.399999999997300e+00, 6.000000000000000e+00, 6.562438381732645e-03, 1.021450117968147e+00, 0.000000000000000e+00
584, 7.199999999997880e+00, 6.000000000000000e+00, 7.154632223737259e-03, 1.022337409459933e+00, 0.000000000000000e+00
585, 6.999999999998521e+00, 6.000000000000000e+00, 6.699163973355228e-03, 1.023496542425826e+00, 0.000000000000000e+00
586, 6.799999999999162e+00, 6.000000000000000e+00, 6.982013648640403e-03, 1.024457871425199e+00, 0.000000000000000e+00
587, 6.599999999999804e+00, 6.000000000000000e+00, 7.041624867157261e-03, 1.025011439730715e+00, 0.000000000000000e+00
588, 6.400000000000446e+00, 6.000000000000000e+00, 6.536972203210235e-03, 1.025747228902357e+00, 0.000000000000000e+00
589, 6.200000000001087e+00, 6.000000000000000e+00, 7.577307582130837e-03, 1.025229702905930e+00, 0.000000000000000e+00
590, 6.000000000001728e+00, 6.000000000000000e+00, 9.331506861387130e-03, 1.028311591125368e+00, 0.000000000000000e+00
591, 5.800000000002370e+00, 6.000000000000000e+00, 7.925028851474945e-03, 1.028810449320924e+00, 0.000000000000000e+00
592, 5.600000000003012e+00, 6.000000000000000e+00, 8.761394138163479e-03, 1.029860261220285e+00, 0.000000000000000e+00
593, 5.400000000003653e+00, 6.000000000000000e+00, 9.057332792115335e-03, 1.030941372210813e+00, 0.000000000000000e+00
594, 5.200000000004295e+00, 6.000000000000000e+00, 8.143960013260433e-03, 1.032282128798890e+00, 0.000000000000000e+00
595, 5.000000000004936e+00, 6.000000000000000e+00, 9.877513643348441e-03, 1.033669691754717e+00, 0.000000000000000e+00
596, 4.800000000005578e+00, 6.000000000000000e+00, 9.152428792013596e-03, 1.033850918049335e+00, 0.000000000000000e+00
597, 4.600000000006220e+00, 6.000000000000000e+00, 9.662605548606255e-03, 1.034361689384740e+00, 0.000000000000000e+00
598, 4.400000000006862e+00, 6.000000000000000e+00, 1.092608172473707e-02, 1.034085513595489e+00, 0.000000000000000e+00
599, 4.200000000007504e+00, 6.000000000000000e+00, 1.274115171743030e-02, 1.037522612317195e+00, 0.000000000000000e+00
600, 4.000000000008145e+00, 6.000000000000000e+00, 1.086289235348043e-02, 1.038175562362595e+00, 0.000000000000000e+00
601, 3.800000000008787e+00, 6.000000000000000e+00, 1.191276533829180e-02, 1.040228159877910e+00, 0.000000000000000e+00
602, 3.600000000009428e+00, 6.000000000000000e+00, 1.337356807252043e-02, 1.039902726129244e+00, 0.000000000000000e+00
603, 3.400000000010070e+00, 6.000000000000000e+00, 1.143589688726333e-02, 1.040431789588691e+00, 0.000000000000000e+00
604, 3.200000000010710e+00, 6.000000000000000e+00, 1.455266114376247e-02, 1.039730950162137e+00, 0.000000000000000e+00
605, 3.000000000011353e+00, 6.000000000000000e+00, 1.652644653569278e-02, 1.043591981977895e+00, 0.000000000000000e+00
606, 2.800000000011993e+00, 6.000000000000000e+00, 1.516404616319272e-02, 1.043976634232914e+00, 0.000000000000000e+00
607, 2.600000000012636e+00, 6.000000000000000e+00, 1.592143234087359e-02, 1.044900048667296e+00, 0.000000000000000e+00
608, 2.400000000013276e+00, 6.000000000000000e+00, 1.628082739878750e-02, 1.045804088129052e+00, 0.000000000000000e+00
609, 2.200000000013919e+00, 6.000000000000000e+00, 1.765165266605404e-02, 1.047179683833391e+00, 0.000000000000000e+00
610, 2.000000000014490e+00, 6.000000000000000e+00, 1.795096491279107e-02, 1.048220139631273e+00, 0.000000000000000e+00
611, 1.800000000014522e+00, 6.000000000000000e+00, 1.890094221857189e-02, 1.049605250563259e+00, 0.000000000000000e+00
612, 1.600000000014276e+00, 6.000000000000000e+00, 1.995442865225979e-02, 1.051058085029198e+00, 0.000000000000000e+00
613, 1.400000000014030e+00, 6.000000000000000e+00, 2.041481367839867e-02, 1.052635132504357e+00, 0.000000000000000e+00
614, 1.200000000013784e+00, 6.000000000000000e+00, 2.064007845692539e-02, 1.053959287458100e+00, 0.000000000000000e+00
615, 1.000000000013538e+00, 6.000000000000000e+00, 2.132324320722213e-02, 1.055237233647812e+00, 0.000000000000000e+00
616, 8.000000000132914e-01, 6.000000000000000e+00, 2.300446238975535e-02, 1.057385680259339e+00, 0.000000000000000e+00
617, 6.000000000130452e-01, 6.000000000000000e+00, 2.273496326885775e-02, 1.059386509739595e+00, 0.000000000000000e+00
618, 4.000000000127990e-01, 6.000000000000000e+00, 2.438836173342618e-02, 1.061872142342077e+00, 0.000000000000000e+00
619, 2.000000000125528e-01, 6.000000000000000e+00, 2.347815689059195e-02, 1.063658958926133e+00, 0.000000000000000e+00
620, 1.230660018336494e-11, 6.000000000000000e+00, 2.409456866056637e-02, 1.066224150245276e+00, 0.000000000000000e+00
621, -1.999999999879378e-01, 6.000000000000000e+00, 2.740715579850972e-02, 1.066103131265384e+00, 0.000000000000000e+00
622, -3.999999999881858e-01, 6.000000000000000e+00, 2.915260975411550e-02, 1.072874872868823e+00, 0.000000000000000e+00
623, -5.999999999884320e-01, 6.000000000000000e+00, 2.851195104062867e-02, 1.076102953651559e+00, 0.000000000000000e+00
624, -7.999999999886782e-01, 6.000000000000000e+00, 2.766695343808503e-02, 1.079202933438474e+00, 0.000000000000000e+00
625, -9.999999999889226e-01, 6.000000000000000e+00, 2.841630518254624e-02, 1.082638720448397e+00, 0.000000000000000e+00
626, -1.199999999989171e+00, 6.000000000000000e+00, 2.960098502315631e-02, 1.086549860874395e+00, 0.000000000000000e+00
627, -1.399999999989417e+00, 6.000000000000000e+00, 2.984697337177689e-02, 1.090356469697366e+00, 0.000000000000000e+00
628, -1.599999999989663e+00, 6.000000000000000e+00, 3.094367364430314e-02, 1.094084707887669e+00, 0.000000000000000e+00
629, -1.799999999989907e+00, 6.000000000000000e+00, 3.097200189858717e-02, 1.097936836407850e+00, 0.000000000000000e+00
630, -1.999999999990154e+00, 6.000000000000000e+00, 3.240418809458667e-02, 1.101632011740148e+00, 0.000000000000000e+00
631, -2.199999999990400e+00, 6.000000000000000e+00, 3.238801236243261e-02, 1.105826456081389e+00, 0.000000000000000e+00
632, -2.399999999990648e+00, 6.000000000000000e+00, 3.261628828110653e-02, 1.109971871033824e+00, 0.000000000000000e+00
633, -2.599999999990892e+00, 6.000000000000000e+00, 3.483190962470157e-02, 1.114508149614160e+00, 0.000000000000000e+00
634, -2.799999999991138e+00, 6.000000000000000e+00, 3.437662465834565e-02, 1.117173174734120e+00, 0.000000000000000e+00
635, -2.999999999991385e+00, 6.000000000000000e+00, 3.496683032890934e-02, 1.121915174467046e+00, 0.000000000000000e+00
636, -3.199999999991633e+00, 6.000000000000000e+00, 3.826505604924992e-02, 1.127081810248027e+00, 0.000000000000000e+00
637, -3.399999999991879e+00, 6.000000000000000e+00, 3.577814326106468e-02, 1.132676823564485e+00, 0.000000000000000e+00
638, -3.599999999992125e+00, 6.000000000000000e+00, 3.711170199441734e-02, 1.137570759257104e+00, 0.000000000000000e+00
639, -3.799999999992369e+00, 6.000000000000000e+00, 3.606692096747811e-02, 1.140554634712003e+00, 0.000000000000000e+00
640, -3.999999999992616e+00, 6.000000000000000e+00, 3.907697532124484e-02, 1.144226996822717e+00, 0.000000000000000e+00
641, -4.199999999992862e+00, 6.000000000000000e+00, 3.972784801618407e-02, 1.145903941896615e+00, 0.000000000000000e+00
642, -4.399999999993110e+00, 6.000000000000000e+00, 4.107334139746800e-02, 1.148806403929532e+00, 0.000000000000000e+00
643, -4.599999999993354e+00, 6.000000000000000e+00, 3.755822919690347e-02, 1.152155547039599e+00, 0.000000000000000e+00
644, -4.799999999993600e+00, 6.000000000000000e+00, 4.729546974398395e-02, 1.150370251862988e+00, 0.000000000000000e+00
645, -4.999999999993847e+00, 6.000000000000000e+00, 4.895996860411596e-02, 1.161689628051178e+00, 0.000000000000000e+00
646, -5.199999999994095e+00, 6.000000000000000e+00, 4.673975993141236e-02, 1.166327223636822e+00, 0.000000000000000e+00
647, -5.399999999994339e+00, 6.000000000000000e+00, 4.672578429767424e-02, 1.168194235611231e+00, 0.000000000000000e+00
648, -5.599999999994585e+00, 6.000000000000000e+00, 5.034297089172321e-02, 1.170731217879734e+00, 0.000000000000000e+00
649, -5.799999999994832e+00, 6.000000000000000e+00, 4.914512159681905e-02, 1.172128348466249e+00, 0.000000000000000e+00
650, -5.999999999995078e+00, 6.000000000000000e+00, 5.454752617176489e-02, 1.172464693443854e+00, 0.000000000000000e+00
651, -6.199999999995324e+00, 6.000000000000000e+00, 5.408368972311348e-02, 1.173949090253195e+00, 0.000000000000000e+00
652, -6.399999999995568e+00, 6.000000000000000e+00, 6.022951512509682e-02, 1.178007377572696e+00, 0.000000000000000e+00
653, -6.599999999995816e+00, 6.000000000000000e+00, 5.953186220647966e-02, 1.177567256261411e+00, 0.000000000000000e+00
654, -6.799999999996061e+00, 6.000000000000000e+00, 6.461775410080857e-02, 1.178730520838097e+00, 0.000000000000000e+00
655, -6.999999999996305e+00, 6.000000000000000e+00, 6.663949723564398e-02, 1.178921946666812e+00, 0.000000000000000e+00
656, -7.199999999996553e+00, 6.000000000000000e+00, 7.089665663107214e-02, 1.179099022144787e+00, 0.000000000000000e+00
657, -7.399999999996801e+00, 6.000000000000000e+00, 7.450511830211917e-02, 1.178399235156720e+00, 0.000000000000000e+00
658, -7.599999999997046e+00, 6.000000000000000e+00, 7.951001400786732e-02, 1.177828987678718e+00, 0.000000000000000e+00
659, -7.799999999997290e+00, 6.000000000000000e+00, 8.401739709527194e-02, 1.176613776623687e+00, 0.000000000000000e+00
660, -7.999999999997538e+00, 6.000000000000000e+00, 8.815757277078753e-02, 1.173676502969087e+00, 0.000000000000000e+00
661, -8.199999999997786e+00, 6.000000000000000e+00, 9.508736263562072e-02, 1.169614127228634e+00, 0.000000000000000e+00
662, -8.399999999998030e+00, 6.000000000000000e+00, 1.008571339877109e-01, 1.163525720477733e+00, 0.000000000000000e+00
663, -8.599999999998275e+00, 6.000000000000000e+00, 1.083952542502914e-01, 1.157557196498076e+00, 0.000000000000000e+00
664, -8.799999999998523e+00, 6.000000000000000e+00, 1.188971243842578e-01, 1.151211692001872e+00, 0.000000000000000e+00
665, -8.999999999998771e+00, 6.000000000000000e+00, 1.294943141088499e-01, 1.143496855582651e+00, 0.000000000000000e+00
666, -9.199999999999015e+00, 6.000000000000000e+00, 1.421758308369078e-01, 1.133331973021558e+00, 0.000000000000000e+00
667, -9.399999999999263e+00, 6.000000000000000e+00, 1.574316857514450e-01, 1.118852619552788e+00, 0.000000000000000e+00
668, -9.599999999999508e+00, 6.000000000000000e+00, 1.787559051011249e-01, 1.096529569961219e+00, 0.000000000000000e+00
669, -9.799999999999752e+00, 6.000000000000000e+00, 2.056311638346487e-01, 1.065057362191079e+00, 0.000000000000000e+00
